<BackupInst xmlns="http://www.microsoft.com/GroupPolicy/GPOOperations/Manifest"><GPOGuid><![CDATA[{7C160120-8FAA-4E52-9EDB-EFEFD6620630}]]></GPOGuid><GPODomain><![CDATA[contoso.com]]></GPODomain><GPODomainGuid><![CDATA[{3300a4e7-3753-4ba4-a47e-9cf21df27f9e}]]></GPODomainGuid><GPODomainController><![CDATA[WIN-A7PB2865ANM.contoso.com]]></GPODomainController><BackupTime><![CDATA[2021-01-04T07:12:14]]></BackupTime><ID><![CDATA[{4DA4CD7F-741D-4902-98A7-C15C1ECF23D4}]]></ID><Comment><![CDATA[]]></Comment><GPODisplayName><![CDATA[*- Tier 2 MSFT Windows 10 1809 - Computer]]></GPODisplayName></BackupInst>
