<BackupInst xmlns="http://www.microsoft.com/GroupPolicy/GPOOperations/Manifest"><GPOGuid><![CDATA[{0E791DF1-BFFA-4670-B41D-58B3C8E604F8}]]></GPOGuid><GPODomain><![CDATA[contoso.com]]></GPODomain><GPODomainGuid><![CDATA[{3300a4e7-3753-4ba4-a47e-9cf21df27f9e}]]></GPODomainGuid><GPODomainController><![CDATA[WIN-A7PB2865ANM.contoso.com]]></GPODomainController><BackupTime><![CDATA[2021-01-04T07:13:06]]></BackupTime><ID><![CDATA[{83398B07-0E8A-4D2D-A13B-53C78E9801F5}]]></ID><Comment><![CDATA[]]></Comment><GPODisplayName><![CDATA[*- PAW Staging Restricted Groups]]></GPODisplayName></BackupInst>
