<BackupInst xmlns="http://www.microsoft.com/GroupPolicy/GPOOperations/Manifest"><GPOGuid><![CDATA[{EB893C86-1A61-4FDB-AFCE-D4262A25E191}]]></GPOGuid><GPODomain><![CDATA[contoso.com]]></GPODomain><GPODomainGuid><![CDATA[{3300a4e7-3753-4ba4-a47e-9cf21df27f9e}]]></GPODomainGuid><GPODomainController><![CDATA[WIN-A7PB2865ANM.contoso.com]]></GPODomainController><BackupTime><![CDATA[2021-01-04T07:13:07]]></BackupTime><ID><![CDATA[{E5868D60-9345-4737-90BD-D6DC93E10D9C}]]></ID><Comment><![CDATA[]]></Comment><GPODisplayName><![CDATA[*- MSFT Windows 10 and Server 2016 - Domain Security]]></GPODisplayName></BackupInst>
