<?xml version="1.0" encoding="utf-8"?>
<RegistrySettings clsid="{A3CCFC41-DFDB-43a5-8D26-0FE8B954DA51}"><Registry clsid="{9CD4B2F4-923D-47f5-A062-E897DD1DAD50}" name="MaxSize" status="MaxSize" image="12" changed="2018-02-28 13:28:08" uid="{058591C5-26BD-4E52-83B4-2E160B45C54D}"><Properties action="U" displayDecimal="1" default="0" hive="HKEY_LOCAL_MACHINE" key="SOFTWARE\Microsoft\Windows\CurrentVersion\WINEVT\Channels\Microsoft-Windows-AppLocker/EXE and DLL" name="MaxSize" type="REG_DWORD" value="3D090000"/></Registry>
	<Registry clsid="{9CD4B2F4-923D-47f5-A062-E897DD1DAD50}" name="MaxSize" status="MaxSize" image="12" changed="2018-02-28 13:31:02" uid="{3EFCCA4E-12E3-492B-8F4B-E08B75BBA501}"><Properties action="U" displayDecimal="1" default="0" hive="HKEY_LOCAL_MACHINE" key="SOFTWARE\Microsoft\Windows\CurrentVersion\WINEVT\Channels\Microsoft-Windows-AppLocker/MSI and Script" name="MaxSize" type="REG_DWORD" value="3D090000"/></Registry>
	<Registry clsid="{9CD4B2F4-923D-47f5-A062-E897DD1DAD50}" name="MaxSize" status="MaxSize" image="12" changed="2018-02-28 13:31:08" uid="{3CB969A3-04FE-4CB9-9019-B3ACB28160CB}"><Properties action="U" displayDecimal="1" default="0" hive="HKEY_LOCAL_MACHINE" key="SOFTWARE\Microsoft\Windows\CurrentVersion\WINEVT\Channels\Microsoft-Windows-AppLocker/Packaged app-Deployment" name="MaxSize" type="REG_DWORD" value="3D090000"/></Registry>
	<Registry clsid="{9CD4B2F4-923D-47f5-A062-E897DD1DAD50}" name="MaxSize" status="MaxSize" image="12" changed="2018-02-28 13:31:13" uid="{98176510-98DF-4060-A085-F626D202C041}"><Properties action="U" displayDecimal="1" default="0" hive="HKEY_LOCAL_MACHINE" key="SOFTWARE\Microsoft\Windows\CurrentVersion\WINEVT\Channels\Microsoft-Windows-AppLocker/Packaged app-Execution" name="MaxSize" type="REG_DWORD" value="3D090000"/></Registry>
</RegistrySettings>
