<BackupInst xmlns="http://www.microsoft.com/GroupPolicy/GPOOperations/Manifest"><GPOGuid><![CDATA[{66C889CC-BA00-4C3C-BD55-98766C5D8AD7}]]></GPOGuid><GPODomain><![CDATA[contoso.com]]></GPODomain><GPODomainGuid><![CDATA[{3300a4e7-3753-4ba4-a47e-9cf21df27f9e}]]></GPODomainGuid><GPODomainController><![CDATA[WIN-A7PB2865ANM.contoso.com]]></GPODomainController><BackupTime><![CDATA[2021-01-04T07:12:24]]></BackupTime><ID><![CDATA[{F11E3A02-CB76-4B73-80A5-8A29CD425ACC}]]></ID><Comment><![CDATA[]]></Comment><GPODisplayName><![CDATA[*- Tier 1 Servers SCM Windows Server 2016 - Member Server Baseline - Computer]]></GPODisplayName></BackupInst>
