<BackupInst xmlns="http://www.microsoft.com/GroupPolicy/GPOOperations/Manifest"><GPOGuid><![CDATA[{75EBDD84-592C-4C03-A356-B5E0CB2FA374}]]></GPOGuid><GPODomain><![CDATA[contoso.com]]></GPODomain><GPODomainGuid><![CDATA[{3300a4e7-3753-4ba4-a47e-9cf21df27f9e}]]></GPODomainGuid><GPODomainController><![CDATA[WIN-A7PB2865ANM.contoso.com]]></GPODomainController><BackupTime><![CDATA[2021-01-04T07:12:57]]></BackupTime><ID><![CDATA[{7E19C0DF-24C0-4DA6-98CC-123E9DBF5E5C}]]></ID><Comment><![CDATA[]]></Comment><GPODisplayName><![CDATA[*- Tier 2 PAWs Devices Base AppLocker Audit]]></GPODisplayName></BackupInst>
