<BackupInst xmlns="http://www.microsoft.com/GroupPolicy/GPOOperations/Manifest"><GPOGuid><![CDATA[{77E0018D-5C44-4280-A35B-2D59C2BA24F1}]]></GPOGuid><GPODomain><![CDATA[contoso.com]]></GPODomain><GPODomainGuid><![CDATA[{3300a4e7-3753-4ba4-a47e-9cf21df27f9e}]]></GPODomainGuid><GPODomainController><![CDATA[WIN-A7PB2865ANM.contoso.com]]></GPODomainController><BackupTime><![CDATA[2021-01-04T07:12:23]]></BackupTime><ID><![CDATA[{5317A98E-24CC-400F-AE33-EDA586A7AD57}]]></ID><Comment><![CDATA[]]></Comment><GPODisplayName><![CDATA[*- Tier 2 MSFT Office 365 ProPlus 1908 - Require Macro Signing - User]]></GPODisplayName></BackupInst>
