<BackupInst xmlns="http://www.microsoft.com/GroupPolicy/GPOOperations/Manifest"><GPOGuid><![CDATA[{BD4BA1FD-B1F7-4EB6-84C3-62C127860CB7}]]></GPOGuid><GPODomain><![CDATA[contoso.com]]></GPODomain><GPODomainGuid><![CDATA[{3300a4e7-3753-4ba4-a47e-9cf21df27f9e}]]></GPODomainGuid><GPODomainController><![CDATA[WIN-A7PB2865ANM.contoso.com]]></GPODomainController><BackupTime><![CDATA[2021-01-04T07:12:25]]></BackupTime><ID><![CDATA[{9FCC1447-8C22-4DB4-8A5E-C390F55B8767}]]></ID><Comment><![CDATA[]]></Comment><GPODisplayName><![CDATA[*- Tier 1 Servers SCM Windows Server 2016 - Member Server Baseline - User]]></GPODisplayName></BackupInst>
