<BackupInst xmlns="http://www.microsoft.com/GroupPolicy/GPOOperations/Manifest"><GPOGuid><![CDATA[{E2EB4677-29F3-4D4C-A98B-342EAB24BCAC}]]></GPOGuid><GPODomain><![CDATA[contoso.com]]></GPODomain><GPODomainGuid><![CDATA[{3300a4e7-3753-4ba4-a47e-9cf21df27f9e}]]></GPODomainGuid><GPODomainController><![CDATA[WIN-A7PB2865ANM.contoso.com]]></GPODomainController><BackupTime><![CDATA[2021-01-04T07:13:05]]></BackupTime><ID><![CDATA[{EBC80954-FC80-4436-BE8C-5DBE33E54146}]]></ID><Comment><![CDATA[]]></Comment><GPODisplayName><![CDATA[*- PAW Staging BitLocker]]></GPODisplayName></BackupInst>
