"msWMI-Author","msWMI-Name","msWMI-Parm1","msWMI-Parm2"
"Administrator@contoso.com","Build Value","Build Value Check","1;3;10;63;WQL;root\CIMv2;Select * from Microsoft_BDD_Info where(BuildValue !=""NewBuild"");"
"Administrator@contoso.com","Windows 10 1809","Windows 10 1809","1;3;10;87;WQL;root\CIMv2;select * from Win32_OperatingSystem WHERE Version like ""10.0.17763"" AND ProductType=""1"";"
"Administrator@contoso.com","Windows 10 1909","Windows 10 1909","1;3;10;87;WQL;root\CIMv2;select * from Win32_OperatingSystem WHERE Version like ""10.0.18363"" AND ProductType=""1"";"
"Administrator@contoso.com","Windows 10 2004","WIndows 10 2004","1;3;10;87;WQL;root\CIMv2;select * from Win32_OperatingSystem WHERE Version like ""10.0.19041"" AND ProductType=""1"";"
"Administrator@contoso.com","Windows 10 20H2","WIndows 10 2004","1;3;10;87;WQL;root\CIMv2;select * from Win32_OperatingSystem WHERE Version like ""10.0.19042"" AND ProductType=""1"";"
"Administrator@contoso.com","Windows 10 or Windows Server 2016","Windows 10 or WIndows Server 2016","1;3;10;61;WQL;root\CIMv2;select * from Win32_OperatingSystem WHERE Version like ""10.%"";"
"Administrator@contoso.com","Windows 10 RS4","Windows 10 RS4 (1803)","1;3;10;87;WQL;root\CIMv2;select * from Win32_OperatingSystem WHERE Version like ""10.0.17134"" AND ProductType=""1"";"
"Administrator@contoso.com","Windows Server 2012 R2 Domain Controller","Windows Server 2012 R2 Domain Controller","1;3;10;81;WQL;root\CIMv2;select * from Win32_OperatingSystem WHERE Version like ""6.3%"" AND ProductType=""2"";"
"Administrator@contoso.com","Windows Server 2012 R2 Operating System","Windows Server 2012 R2 Operating System","1;3;10;83;WQL;root\CIMv2;select * from Win32_OperatingSystem WHERE Version like ""6.3%"" AND ProductType=""3""
;"
"Administrator@contoso.com","Windows Server 2016 Domain Controller (Caption Filter)","Windows Server 2016 Domain Controller (Caption Filter)","1;3;10;83;WQL;root\CIMv2;Select * from Win32_OperatingSystem WHERE Caption like ""%2016%"" AND ProductType=""2"";"
"Administrator@contoso.com","Windows Server 2016 Operating System (Caption Filter)","Windows Server 2016 Operating System (Caption Filter)","1;3;10;83;WQL;root\CIMv2;Select * from Win32_OperatingSystem WHERE Caption like ""%2016%"" AND ProductType=""3"";"
"Administrator@contoso.com","Windows Server 2019 Domain Controller","Windows Server 2019 Domain Controller","1;3;10;83;WQL;root\CIMv2;select * from Win32_OperatingSystem WHERE Caption like ""%2019%"" AND ProductType=""2"";"
"Administrator@contoso.com","Windows Server 2019 Operating System","Windows Server 2019 Operation System","1;3;10;83;WQL;root\CIMv2;select * from Win32_OperatingSystem WHERE Caption like ""%2019%"" AND ProductType=""3"";"
