<BackupInst xmlns="http://www.microsoft.com/GroupPolicy/GPOOperations/Manifest"><GPOGuid><![CDATA[{7FCE8E68-0795-4A94-BE4E-0FD42BB5694D}]]></GPOGuid><GPODomain><![CDATA[contoso.com]]></GPODomain><GPODomainGuid><![CDATA[{3300a4e7-3753-4ba4-a47e-9cf21df27f9e}]]></GPODomainGuid><GPODomainController><![CDATA[WIN-A7PB2865ANM.contoso.com]]></GPODomainController><BackupTime><![CDATA[2021-01-04T07:12:10]]></BackupTime><ID><![CDATA[{5FF32187-AD77-4041-8641-B4B5368A1A0A}]]></ID><Comment><![CDATA[]]></Comment><GPODisplayName><![CDATA[*- Tier 0 DCs MSFT Windows 10 1809 and Server 2019 - Defender Antivirus]]></GPODisplayName></BackupInst>
