<BackupInst xmlns="http://www.microsoft.com/GroupPolicy/GPOOperations/Manifest"><GPOGuid><![CDATA[{FA13E324-1C98-4DD7-B823-B9F26180C5C7}]]></GPOGuid><GPODomain><![CDATA[contoso.com]]></GPODomain><GPODomainGuid><![CDATA[{3300a4e7-3753-4ba4-a47e-9cf21df27f9e}]]></GPODomainGuid><GPODomainController><![CDATA[WIN-A7PB2865ANM.contoso.com]]></GPODomainController><BackupTime><![CDATA[2021-01-04T07:12:12]]></BackupTime><ID><![CDATA[{DB0E9D33-F025-4445-B506-4F676CD00D0B}]]></ID><Comment><![CDATA[]]></Comment><GPODisplayName><![CDATA[*- WMI Filter Placeholder GPO - Not in Use]]></GPODisplayName></BackupInst>
