<BackupInst xmlns="http://www.microsoft.com/GroupPolicy/GPOOperations/Manifest"><GPOGuid><![CDATA[{03E9D742-5E04-45B9-A7A9-1DED82D81C8D}]]></GPOGuid><GPODomain><![CDATA[contoso.com]]></GPODomain><GPODomainGuid><![CDATA[{3300a4e7-3753-4ba4-a47e-9cf21df27f9e}]]></GPODomainGuid><GPODomainController><![CDATA[WIN-A7PB2865ANM.contoso.com]]></GPODomainController><BackupTime><![CDATA[2021-01-04T07:12:42]]></BackupTime><ID><![CDATA[{8F57AB86-62FC-4BE8-A177-1D59B2258541}]]></ID><Comment><![CDATA[]]></Comment><GPODisplayName><![CDATA[*- Tier 0 Servers MSFT Windows 10 1809 and Server 2019 Member Server - Credential Guard]]></GPODisplayName></BackupInst>
