<BackupInst xmlns="http://www.microsoft.com/GroupPolicy/GPOOperations/Manifest"><GPOGuid><![CDATA[{5A1A3A42-1C4A-4E8B-B2BD-1F954EC21C46}]]></GPOGuid><GPODomain><![CDATA[contoso.com]]></GPODomain><GPODomainGuid><![CDATA[{3300a4e7-3753-4ba4-a47e-9cf21df27f9e}]]></GPODomainGuid><GPODomainController><![CDATA[WIN-A7PB2865ANM.contoso.com]]></GPODomainController><BackupTime><![CDATA[2021-01-04T07:12:40]]></BackupTime><ID><![CDATA[{3E78CDC3-3BD1-4F80-AE69-C80909A81A18}]]></ID><Comment><![CDATA[]]></Comment><GPODisplayName><![CDATA[*- Tier 0 Servers SCM Windows Server 2016 - Member Server Baseline - User]]></GPODisplayName></BackupInst>
