<BackupInst xmlns="http://www.microsoft.com/GroupPolicy/GPOOperations/Manifest"><GPOGuid><![CDATA[{E7B40954-3A71-40B9-8BAD-3AEA94C643EF}]]></GPOGuid><GPODomain><![CDATA[contoso.com]]></GPODomain><GPODomainGuid><![CDATA[{3300a4e7-3753-4ba4-a47e-9cf21df27f9e}]]></GPODomainGuid><GPODomainController><![CDATA[WIN-A7PB2865ANM.contoso.com]]></GPODomainController><BackupTime><![CDATA[2021-01-04T07:13:07]]></BackupTime><ID><![CDATA[{7DE7D2CD-A65D-407A-9EDA-02844F047CEC}]]></ID><Comment><![CDATA[]]></Comment><GPODisplayName><![CDATA[*- Additional Domain Security Settings]]></GPODisplayName></BackupInst>
