<BackupInst xmlns="http://www.microsoft.com/GroupPolicy/GPOOperations/Manifest"><GPOGuid><![CDATA[{E6650A3D-EB91-4A7C-A4A6-8E21EE268512}]]></GPOGuid><GPODomain><![CDATA[contoso.com]]></GPODomain><GPODomainGuid><![CDATA[{3300a4e7-3753-4ba4-a47e-9cf21df27f9e}]]></GPODomainGuid><GPODomainController><![CDATA[WIN-A7PB2865ANM.contoso.com]]></GPODomainController><BackupTime><![CDATA[2021-01-04T07:12:11]]></BackupTime><ID><![CDATA[{561DA58E-0C79-4BF9-AD47-B04F838ADAAD}]]></ID><Comment><![CDATA[]]></Comment><GPODisplayName><![CDATA[*- Computer Quarantine]]></GPODisplayName></BackupInst>
