<BackupInst xmlns="http://www.microsoft.com/GroupPolicy/GPOOperations/Manifest"><GPOGuid><![CDATA[{A5BF5B6B-FEE1-4C27-9FFC-513510FE2D47}]]></GPOGuid><GPODomain><![CDATA[contoso.com]]></GPODomain><GPODomainGuid><![CDATA[{3300a4e7-3753-4ba4-a47e-9cf21df27f9e}]]></GPODomainGuid><GPODomainController><![CDATA[WIN-A7PB2865ANM.contoso.com]]></GPODomainController><BackupTime><![CDATA[2021-01-04T07:12:26]]></BackupTime><ID><![CDATA[{C545071F-C8A2-4D6E-AE69-A4C0A9602636}]]></ID><Comment><![CDATA[]]></Comment><GPODisplayName><![CDATA[*- Tier 1 Servers MSFT Windows 10 1809 and Server 2019 Member Server - Credential Guard]]></GPODisplayName></BackupInst>
