<BackupInst xmlns="http://www.microsoft.com/GroupPolicy/GPOOperations/Manifest"><GPOGuid><![CDATA[{DD07E08D-3D23-4B60-989B-DBE2BB123A71}]]></GPOGuid><GPODomain><![CDATA[contoso.com]]></GPODomain><GPODomainGuid><![CDATA[{3300a4e7-3753-4ba4-a47e-9cf21df27f9e}]]></GPODomainGuid><GPODomainController><![CDATA[WIN-A7PB2865ANM.contoso.com]]></GPODomainController><BackupTime><![CDATA[2021-01-04T07:12:26]]></BackupTime><ID><![CDATA[{E120F63A-1745-44F6-BB34-7EDFEE29C965}]]></ID><Comment><![CDATA[]]></Comment><GPODisplayName><![CDATA[*- Tier 1 Servers MSFT Windows 10 and Server 2016 - Credential Guard]]></GPODisplayName></BackupInst>
