<BackupInst xmlns="http://www.microsoft.com/GroupPolicy/GPOOperations/Manifest"><GPOGuid><![CDATA[{CD908EBE-B153-40A7-BBFD-EBFA5CD1B237}]]></GPOGuid><GPODomain><![CDATA[contoso.com]]></GPODomain><GPODomainGuid><![CDATA[{3300a4e7-3753-4ba4-a47e-9cf21df27f9e}]]></GPODomainGuid><GPODomainController><![CDATA[WIN-A7PB2865ANM.contoso.com]]></GPODomainController><BackupTime><![CDATA[2021-01-04T07:12:28]]></BackupTime><ID><![CDATA[{873AFC3E-36C0-498B-AE49-BF67036565DC}]]></ID><Comment><![CDATA[]]></Comment><GPODisplayName><![CDATA[*- Tier 0 PAWs MSFT Windows 10 1909 - User]]></GPODisplayName></BackupInst>
