<BackupInst xmlns="http://www.microsoft.com/GroupPolicy/GPOOperations/Manifest"><GPOGuid><![CDATA[{E21D0A68-3076-4D0B-B58D-65B1FF911D3F}]]></GPOGuid><GPODomain><![CDATA[contoso.com]]></GPODomain><GPODomainGuid><![CDATA[{3300a4e7-3753-4ba4-a47e-9cf21df27f9e}]]></GPODomainGuid><GPODomainController><![CDATA[WIN-A7PB2865ANM.contoso.com]]></GPODomainController><BackupTime><![CDATA[2021-01-04T07:12:09]]></BackupTime><ID><![CDATA[{E0A87FA0-D4AF-47DE-AAEE-384749F1EC90}]]></ID><Comment><![CDATA[]]></Comment><GPODisplayName><![CDATA[*- Tier 0 DCs SCM Windows Server 2016 - Domain Controller Baseline]]></GPODisplayName></BackupInst>
