<BackupInst xmlns="http://www.microsoft.com/GroupPolicy/GPOOperations/Manifest"><GPOGuid><![CDATA[{E0EAE0A8-761D-4687-AAD2-2B80DE11CED6}]]></GPOGuid><GPODomain><![CDATA[contoso.com]]></GPODomain><GPODomainGuid><![CDATA[{31d3a749-3dad-420b-8776-a45eebca5e93}]]></GPODomainGuid><GPODomainController><![CDATA[DC.contoso.com]]></GPODomainController><BackupTime><![CDATA[2020-08-20T08:28:48]]></BackupTime><ID><![CDATA[{121A6B06-DF49-4F93-BBF8-B3703F932BFC}]]></ID><Comment><![CDATA[]]></Comment><GPODisplayName><![CDATA[*- Tier 0 MDT Firewall Policy]]></GPODisplayName></BackupInst>
