<BackupInst xmlns="http://www.microsoft.com/GroupPolicy/GPOOperations/Manifest"><GPOGuid><![CDATA[{8EC46E58-4355-43DA-AF76-BEB2407DA8C5}]]></GPOGuid><GPODomain><![CDATA[contoso.com]]></GPODomain><GPODomainGuid><![CDATA[{31d3a749-3dad-420b-8776-a45eebca5e93}]]></GPODomainGuid><GPODomainController><![CDATA[DC.contoso.com]]></GPODomainController><BackupTime><![CDATA[2020-08-20T08:28:45]]></BackupTime><ID><![CDATA[{6537762E-0151-44B4-B4EB-E4DE3C0122E9}]]></ID><Comment><![CDATA[]]></Comment><GPODisplayName><![CDATA[*- Tier 0 MDT WSUS Policy]]></GPODisplayName></BackupInst>
