<Backups xmlns="http://www.microsoft.com/GroupPolicy/GPOOperations/Manifest" xmlns:mfst="http://www.microsoft.com/GroupPolicy/GPOOperations/Manifest" mfst:version="1.0"><BackupInst><GPOGuid><![CDATA[{E0EAE0A8-761D-4687-AAD2-2B80DE11CED6}]]></GPOGuid><GPODomain><![CDATA[contoso.com]]></GPODomain><GPODomainGuid><![CDATA[{31d3a749-3dad-420b-8776-a45eebca5e93}]]></GPODomainGuid><GPODomainController><![CDATA[DC.contoso.com]]></GPODomainController><BackupTime><![CDATA[2020-08-20T08:28:48]]></BackupTime><ID><![CDATA[{121A6B06-DF49-4F93-BBF8-B3703F932BFC}]]></ID><Comment><![CDATA[]]></Comment><GPODisplayName><![CDATA[*- Tier 0 MDT Firewall Policy]]></GPODisplayName></BackupInst><BackupInst><GPOGuid><![CDATA[{8EC46E58-4355-43DA-AF76-BEB2407DA8C5}]]></GPOGuid><GPODomain><![CDATA[contoso.com]]></GPODomain><GPODomainGuid><![CDATA[{31d3a749-3dad-420b-8776-a45eebca5e93}]]></GPODomainGuid><GPODomainController><![CDATA[DC.contoso.com]]></GPODomainController><BackupTime><![CDATA[2020-08-20T08:28:45]]></BackupTime><ID><![CDATA[{6537762E-0151-44B4-B4EB-E4DE3C0122E9}]]></ID><Comment><![CDATA[]]></Comment><GPODisplayName><![CDATA[*- Tier 0 MDT WSUS Policy]]></GPODisplayName></BackupInst></Backups>