<?xml version="1.0" encoding="Unicode"?>
<Configuration>
  <Users>
    <User Name="T0-AdminUser">
      <distinguishedName>CN=T0-AdminUser,OU=T0-Accounts,OU=Tier 0,OU=Admin,</distinguishedName>
      <UserPrincipalName>T0-AdminUser</UserPrincipalName>
      <SamAccountName>T0-AdminUser</SamAccountName>
      <GivenName>T0-AdminUser</GivenName>
      <Surname>
      </Surname>
      <Description>Tier 0 Admin account used for training</Description>
      <CannotChangePassword>True</CannotChangePassword>
      <PasswordNeverExpires>True</PasswordNeverExpires>
      <ChangePasswordAtLogon>False</ChangePasswordAtLogon>
    </User>
    <User Name="T0-OpsUser">
      <distinguishedName>CN=T0-OpsUser,OU=T0-Accounts,OU=Tier 0,OU=Admin,</distinguishedName>
      <UserPrincipalName>T0-OpsUser</UserPrincipalName>
      <SamAccountName>T0-OpsUser</SamAccountName>
      <GivenName>T0-OpsUser</GivenName>
      <Surname>
      </Surname>
      <Description>Tier 0 Ops account used for training</Description>
      <CannotChangePassword>True</CannotChangePassword>
      <PasswordNeverExpires>True</PasswordNeverExpires>
      <ChangePasswordAtLogon>False</ChangePasswordAtLogon>
    </User>
    <User Name="T1-AdminUser">
      <distinguishedName>CN=T1-AdminUser,OU=T1-Accounts,OU=Tier 1,OU=Admin,</distinguishedName>
      <UserPrincipalName>T1-AdminUser</UserPrincipalName>
      <SamAccountName>T1-AdminUser</SamAccountName>
      <GivenName>T1-AdminUser</GivenName>
      <Surname>
      </Surname>
      <Description>Tier 1 Admin account used for training</Description>
      <CannotChangePassword>True</CannotChangePassword>
      <PasswordNeverExpires>True</PasswordNeverExpires>
      <ChangePasswordAtLogon>False</ChangePasswordAtLogon>
    </User>
    <User Name="T1-OpsUser">
      <distinguishedName>CN=T1-OpsUser,OU=T1-Accounts,OU=Tier 1,OU=Admin,</distinguishedName>
      <UserPrincipalName>T1-OpsUser</UserPrincipalName>
      <SamAccountName>T1-OpsUser</SamAccountName>
      <GivenName>T1-OpsUser</GivenName>
      <Surname>
      </Surname>
      <Description>Tier 1 Ops account used for training</Description>
      <CannotChangePassword>True</CannotChangePassword>
      <PasswordNeverExpires>True</PasswordNeverExpires>
      <ChangePasswordAtLogon>False</ChangePasswordAtLogon>
    </User>
    <User Name="T2-AdminUser">
      <distinguishedName>CN=T2-AdminUser,OU=T2-Accounts,OU=Tier 2,OU=Admin,</distinguishedName>
      <UserPrincipalName>T2-AdminUser</UserPrincipalName>
      <SamAccountName>T2-AdminUser</SamAccountName>
      <GivenName>T2-AdminUser</GivenName>
      <Surname>
      </Surname>
      <Description>Tier 2 Admin account used for training</Description>
      <CannotChangePassword>True</CannotChangePassword>
      <PasswordNeverExpires>True</PasswordNeverExpires>
      <ChangePasswordAtLogon>False</ChangePasswordAtLogon>
    </User>
    <User Name="T2-OpsUser">
      <distinguishedName>CN=T2-OpsUser,OU=T2-Accounts,OU=Tier 2,OU=Admin,</distinguishedName>
      <UserPrincipalName>T2-OpsUser</UserPrincipalName>
      <SamAccountName>T2-OpsUser</SamAccountName>
      <GivenName>T2-OpsUser</GivenName>
      <Surname>
      </Surname>
      <Description>Tier 2 Ops account used for training</Description>
      <CannotChangePassword>True</CannotChangePassword>
      <PasswordNeverExpires>True</PasswordNeverExpires>
      <ChangePasswordAtLogon>False</ChangePasswordAtLogon>
    </User>
  </Users>
  <GroupMembership>
    <Group SamAccountName="Tier1Admins">
    <Member SamAccountName="T1-AdminUser" Type="User" />
    </Group>
    <Group SamAccountName="Tier1ApplicationXOperators" />
    <Group SamAccountName="Tier1Operators">
    <Member SamAccountName="T1-OpsUser" Type="User" />
    </Group>
    <Group SamAccountName="Tier1ServerOperators" />
    <Group SamAccountName="Tier2Admins">
    <Member SamAccountName="T2-AdminUser" Type="User" />
    </Group>
    <Group SamAccountName="Tier2Operators">
      <Member SamAccountName="T2-OpsUser" Type="User" />
    </Group>
    <Group SamAccountName="Tier0Admins">
      <Member SamAccountName="T0-AdminUser" Type="User" />
    </Group>
    <Group SamAccountName="Tier 0 Domain Operators">
      <Member SamAccountName="T0-OpsUser" Type="User" />
    </Group>
    <Group SamAccountName="Tier0Operators">
      <Member SamAccountName="T0-OpsUser" Type="User" />
    </Group>
  </GroupMembership>
</Configuration>